feb5d7cc-8cdb-4b83-a680-dec132d4f081,Tefal Optigrill+ Initial GC706D34,"электрический гриль легко приготовит идеальный стейк любой степени прожарки. Техника для кухни оборудована специальным датчиком, который определяет толщину ингредиентов до 1 мм и оптимизирует время их приготовления. Большой электрогриль со съемными панелями имеет 6 автоматических программ для создания различных блюд: бургеров, птицы, сэндвичей, свинины, сосисок, красного мяса и рыбы. Функция разморозки позволит готовить продукты сразу из морозильной камеры. "
fe791a43-d304-426d-96f2-3ef70500469d,DEXP AC-CDW9INV,"настенный инверторный кондиционер (сплит-система) предлагает широкий выбор режимов работы: автоматический, вентиляция, обогрев, осушение и охлаждение. Для повышения комфорта предусмотрены дополнительные режимы, такие как интенсивный (Turbo), ночной (Sleep) и экономичный (ECO). Управляйте кондиционером с помощью Wi-Fi через приложение Houself на вашем смартфоне, что обеспечивает максимальное удобство и контроль за климатом в помещении."
f99f2777-38ea-484a-bf1e-8ab7203057ce,Happy Baby SMILEY V2,"яркое средство для первых шагов превратит каждое передвижение малыша в веселое приключение благодаря музыкальным и световым эффектам. Мягкое сиденье с регулировкой по высоте, бесшумные силиконовые колёса и развивающие игрушки делают прогулку комфортной и познавательной. Удобная ручка и функция каталки помогут взрослым всегда быть рядом, поддерживая кроху в его новых открытиях."
f2ed45c4-207d-490e-b803-435200e929f5,Xiaomi Redmi Watch 4,"смарт-часы в алюминиевом корпусе оборудованы AMOLED-дисплеем диагональю 1.97 дюйма, который отображает необходимую пользователю информацию. Встроенный датчик реагирует на внешнее освещение и меняет яркость экрана. Чувствительные сенсоры устанавливают содержание кислорода в крови, качество сна, уровень стресса. 
Смарт-часы Xiaomi Redmi Watch 4 обладают женским календарем, который служит для внесения данных о симптомах и цикле. С предустановленными тренировками в количестве 150 штук не нужно посещать тренажерный зал, чтобы оставаться в форме. Синхронизация со смартфоном предоставляет возможность принимать вызовы и получать уведомления от приложений. Автономная работа модели рассчитана на 480 ч."
ef77ef2c-8327-4f76-b1ee-e3f23c7c9ae5,Samsung Galaxy Watch 4,"смарт-часы оснащены 1.2-дюймовым Super AMOLED-экраном, который транслирует все важные пользователю данные. Используя этого интеллектуального ассистента, вы начнете владеть информацией относительно продолжительности сна, артериального давления и уровня кислорода в крови. Кроме того, устройство посчитает пройденные шаги и сожженные калории. 
После того как вы произведете синхронизацию смарт-часов Samsung Galaxy Watch 4  со смартфоном через интерфейс Bluetooth, то сможете управлять композициями и принимать вызовы. Теперь у вас появится возможность заниматься физической активностью, где бы вы ни находились – просто выберите наиболее подходящую среди 96 тренировок. Ваш помощник поддерживает функцию управления жестами и установку необходимых приложений."
ec456b1d-6373-425c-84ec-7510fb3e9299,HUAWEI WATCH FIT Special Edition,"оборудованы мощным аккумулятором, энергия которого рассчитана на 144-часовой доступ к функционалу. Женский календарь помогает контролировать цикл и сопутствующие симптомы. Для поддержания физической формы предусмотрено 100 тренировок. Точные датчики определяют содержание кислорода в крови, пройденное расстояние, уровень стресса. 
Смарт-часы HUAWEI WATCH FIT Special Edition фиксируются на запястье посредством силиконового ремешка. Информация транслируется на AMOLED-дисплей диагональю 1.64 дюйма. Синхронизация со смартфоном через Bluetooth-интерфейс позволяет получать уведомления от приложений и входящих вызовах, а также управлять композициями."
e8618fd0-a714-4b28-88dd-c31c98970227,iFFALCON iFF65Q72,"телевизор оснащен огромным 65-дюймовым экраном. 4K-разрешение с технологией MEMC делает изображение четким и детальным. Поддержка HDR улучшает яркость и насыщенность, плавность динамических сцен. Динамики с многоканальным объемным звуком позволяют сполна наслаждаться просмотром фильмов. 
iFFALCON iFF65Q72 оснащен интуитивно простым меню настроек, Smart TV и виртуальным ассистентом. К телевизору можно подключать мышь с клавиатурой и ПК, чтобы наслаждаться игровой графикой на большом качественном экране. Вы можете использовать 3 порта HDMI, настраивать управление приставками с одного пульта."
e440c180-2e66-4a27-b43e-65114eb421bb,Kitfort КТ-1682,"электрогриль «2 в 1» предназначен для приготовления мяса, рыбы, овощей, сосисок, бутербродов и многих других блюд. Высокая температура способствует быстрому приготовлению продуктов, а ребристая поверхность панелей – появлению «полосатого» рисунка. Электрогриль оснащён панелями для гриля с ребристой поверхностью, с помощью которых вы можете приготовить мясо, овощи, сосиски и многое другое. "
d82adb19-de54-4942-9c3d-a1e374fd3d29,Haier 65 Smart TV S1,телевизор с экраном 65' обладает 4K-разрешением с поддержкой технологий HDR. Динамики на 20 Вт радуют чистым и объемным стереозвуком. Разъемы на корпусе позволяют подключать до 4 приставок по HDMI и управлять ими с 1 пульта. Вы можете устраивать семейные просмотры фото и видео на большом экране с USB-накопителей. 
d7dee094-90b2-484a-b006-bdc5ae2b2815,Xiaomi Redmi Watch 3 Active,"оснащены большим квадратным дисплеем 1.83” с изогнутым прочным стеклом 2.5D. Изображение сохраняет четкость и насыщенность даже на ярком солнце. Смена дизайна циферблата позволяет выбирать красивую и удобную для вас тему. Мощная батарея не требует зарядки в течение 8 дней активной работы.
Xiaomi Redmi Watch 3 Active поддерживают 100 режимов тренировок, в том числе плавание в бассейне. Простая синхронизация со смартфоном позволяет просматривать уведомления от приложений, о звонках и SMS. Благодаря точным датчикам часы постоянно измеряют важные показатели здоровья и присылают уведомления об учащенном пульсе, низком уровне кислорода в крови, рекомендациях по улучшению сна."
d666950e-9f0a-46d2-a253-1fdff520469e,Apple Watch Series 9,"оснащены процессором Apple S9 SiP, который обеспечивает быструю реакцию на запросы пользователя. Энергии аккумулятора достаточно для 18 ч автономной работы. Датчики определяют температуру тела, сердечный ритм, пройденное расстояние. Женский календарь позволяет делать пометки о цикле и симптомах. 
Смарт-часы Apple Watch Series 9 поддерживают управление жестами. Синхронизировав модель со смартфоном, пользователь может переключать треки и ознакамливаться с уведомлениями от приложений. Колесико Digital Crown помогает просматривать списки и быстро переходить к домашнему экрану. Информация транслируется на квадратном OLED-дисплее. В процессе фиксации на запястье используется ремешок из фторэластомера черного цвета. Защита по стандарту IP6X делает алюминиевый корпус устойчивым к воздействию влаги."
c6072328-93e8-4c53-b2bb-1aa4db19903c,Huawei Watch Fit 2 Active,"оснащенные 1,74-дюймовым безрамочным AMOLED-экраном, позволяют с легкостью получать доступ ко всей необходимой информации. Умные часы пригодятся в различных ситуациях от тренировок до ответа на входящие вызовы.Huawei Watch Fit 2 поддерживают функцию циферблата-заставки для всех вариантов, представленных в магазине циферблатов. Смарт-часы поддерживают множество функций, которыми вы можете с легкостью управлять с помощью интуитивно понятного интерфейса. Полного заряда батареи смарт-часов хватает на 10 дней обычного использования или 7 дней интенсивного использования. Huawei Watch Fit 2 поддерживают Bluetooth-вызовы, быстрые ответы на сообщения и импорт контактов."
c113db07-4f0c-428d-956f-3438dac6ce90,Samsung Galaxy Watch 5 Pro,"смарт-часы представлены с титановым корпусом и сапфировым стеклом. Силиконовый ремешок удобно облегает запястье и не мешает ночью. Часы контролируют важные показатели здоровья, проводят ЭКГ и БИА, следят за качеством сна, ночью измеряют кислород и обнаруживают храп. 
Устройство Samsung Galaxy Watch 5 Pro легко синхронизируется со смартфоном, позволяя получать уведомления о звонках и SMS. Имеется поддержка автоматической установки программ со смартфона, обнаружения падения и управления жестами. Часы с микрофоном и динамиком умеют проигрывать аудиозаписи, распознавать 90 типов тренировок."
be39bdde-a0a4-4a96-8d08-eb05c0b7e5fd,Samsung Galaxy Watch 6 Classic,"оснащены 2-ядерным процессором Exynos W930, который позволяет быстро реагировать на запросы пользователя. На 1.5-дюймовом дисплее транслируются данные об артериальном давлении, пульсе, температуре тела, качестве сна. Корпус из нержавеющей стали защищен по стандарту IP68, что исключает поломку при попадании влаги. Предустановленные тренировки в количестве 90 штук помогают заниматься физической активностью без посещения тренажерного зала. 
Смарт-часы Samsung Galaxy Watch 6 Classic фиксируются на запястье с использованием съемного ремешка. После синхронизации со смартфоном пользователи могут управлять камерой и отслеживать уведомления. Функция женского здоровья незаменима, чтобы контролировать цикл и симптомы."
bc76e433-8d38-4a91-afc4-4d443bc90bd0,HUAWEI WATCH 4 Pro,"смарт-часы имеют дисплей диагональю 1.5 дюйма, AMOLED-матрица обеспечивает яркую и детализированную цветопередачу. Водонепроницаемая модель позволяет погружаться на глубину и подходит для активных тренировок. Смарт-часы имеют сенсорный цветной дисплей, который всегда остается включенным. Циферблат имеет различные темы и подходит для любого случая. При поддержке eSIM можно совершать звонки, отправлять сообщения и общаться. Аккумулятор обеспечивает продолжительную работу до 120 ч в активном режиме. Модель поддерживает беспроводную зарядку и быстро восполняет емкость. Устройство имеет 100 предустановленных тренировок разной интенсивности и продолжительности."
bc564b1f-0b58-4f8b-bb36-45c081b2d4ad,HONOR CHOICE Watch,"присылают пользователю уведомление о необходимости выпить воды. Для концентрации внимания и снятия напряжения предусмотрены дыхательные практики. Отслеживать цикл и делать пометки о симптомах позволяет женский календарь. Фиксация на запястье осуществляется при помощи силиконового ремешка. 
Смарт-часы HONOR CHOICE Watch транслируют данные на 1.95-дюймовый AMOLED-дисплей. Предустановленные тренировки в количестве 120 штук служат для занятий спортом вне тренажерного зала. Встроенные датчики контролируют содержание кислорода в крови, пульс, уровень стресса. Синхронизация со смартфона открывает доступ к управлению треками и чтению уведомлений от приложений. Энергии аккумулятора емкостью 300 мАч достаточно для 288 ч автономной работы аксессуара."
b4e80e1d-60e9-4a6e-8b39-6d324044d792,DEXP AC-CDW18ONF,"кондиционер настенный сплит-система подходит для просторных помещений в 50 м². Внутренний блок дополнен программой самоочистки, защитой от конденсата и замерзания в виде выдува остатков тепла и осушения после выключения. Наружный блок оснащен датчиком для контроля состояния и включения авторазморозки при риске обледенения. 
Белый кондиционер работает в режимах вентиляции, осушения, обогрева и охлаждения. Датчики позволяют использовать автоматическую программу для поддержания желаемого микроклимата. При включенной функции iFEEL сплит-система отлеживает температуру по показаниям датчика на пульте, а не в корпусе внутреннего блока. 
DEXP AC-CDW18ONF автоматически перезагружается и запоминает заданные параметры при внезапном отключении света. Теплый старт защищает от сквозняков при включении режима обогрева. Есть функция самодиагностики для выявления неисправностей. Вы можете управлять сплит-системой с пульта и через приложение Houself. Есть возможность внедрения кондиционера в систему умного дома для использования голосовых команд."
ffe4886b-67b5-42ae-b243-a51ce8d3d11c,Aimoto Grand,"с поддержкой стандарта 4G, голосовым помощником Маруся, веб-камерой 0.3 Мп и мессенджером WhatsApp обеспечивают удобное общение. Для звонков по сотовой связи требуется установка карты Nano-SIM. Функция «Обратный звонок» позволяет в любой момент позвонить на часы и услышать, что происходит вокруг. Система навигации помогает точно контролировать местоположение ребенка и получать данные на смартфон через приложение Aimoto Smart. "
ff6fd8f0-2f12-433f-944e-c5b1af545595,Happy Baby Wilson,"уютное пространство для малыша, которое легко перемещается по квартире благодаря колесикам и весит всего 9,4 кг. Мягкий матрасик и водостойкая оксфордская ткань делают сон и игру максимально комфортными и безопасными с первых дней жизни. Удобная опускающаяся стенка и компактный размер позволят родителям не волноваться о размещении и уходе."
fae72236-55bf-47ee-8840-c1c5c344e0fe,Weissgauff BDW 4533 D Wi-Fi,"узкая посудомоечная машина, оснащенная модулем Wi-Fi управления, не только сэкономит место на вашей кухне, но и обеспечит идеальный результат: 3 корзины позволят расположить посуду оптимальным образом для достижения наилучшего качества мытья, луч на полу дополнит прекрасный набор возможностей этой модели, а наличие автопрограммы позволит машине самостоятельно определить количество посуды, степень загрязнения, время мойки, а также необходимую температуру."
f9b914e2-2986-4a5d-b479-8467588c0482,Carrello Bravo CRL-8512,"современная и стильная прогулочная коляска, которая отличается легкостью, маневренностью и удобством для повседневных прогулок и путешествий. Обеспечивает максимальный комфорт и безопасность для ребенка благодаря удобному сиденью, регулируемой спинке, надежным ремням и большому капюшону. Вместительная корзина позволяет взять с собой все необходимое для прогулок."
f95721ec-ca36-4f81-86b4-be3c4e797164,Weissgauff BDW 6138 D,"полноразмерная посудомоечная машина шириной 60 см, рассчитанная на 14 комплектов посуды, не только отлично будет смотреться на вашей кухне, но и обеспечит идеальный результат: 3 корзины позволят расположить посуду оптимальным образом для достижения наилучшего качества мытья, луч на полу дополнит прекрасный набор возможностей этой модели, а наличие автопрограммы позволит машине самостоятельно определить количество посуды, степень загрязнения, время мойки, а также необходимую температуру. Корзины в дизайне 'ECO LIFE'"" с легендарным узнаваемым оттенком зеленого цвета"," отражают концепцию экологичности подходов Weissgauff к созданию бытовой техники!"""
f733ba53-a0fa-49c1-8cbe-79bcc8d9a252,KENSHI C55A,"представлены в бежевом цвете. Они выдерживают пыль, воздействие влаги и воды благодаря защищенному корпусу из пластика и металла по стандарту IP67. Ремешок из силикона приятен на ощупь и обеспечивает удобное ношение устройства. Сенсорный дисплей AMOLED диагональю 1.43 дюйма отображает красочную детализированную картинку. 
Смарт-часы KENSHI C55A синхронизируются со смартфоном по технологии Bluetooth. Встроенный микрофон предусматривает возможность отвечать на входящие звонки. Датчики измеряют уровень кислорода в крови и артериальное давление, физическую активность, продолжительность сна. Одного заряда аккумулятора хватает до 120 часов автономной работы смарт-часов в активном режиме."
f71d6590-7b27-49ca-a03f-9360c00aa76f,Amazfit Active,"оснащены сенсорным дисплеем 1.75” в квадратном алюминиевом корпусе с эластичным силиконовым ремешком. Встроенные датчики контролируют показатели здоровья, считают пройденные шаги и расстояние, потраченные калории. Устройство рассчитывает персональную метрику PAI и напоминает о долгом отсутствии активности. 
Кроме чувствительных датчиков и 120 тренировок Amazfit Active оснащены будильником, секундомером и прогнозом погоды. Синхронизация позволяет просматривать уведомления от приложений, о звонках и SMS. Вы можете удаленно управлять камерой и музыкой на смартфоне. Динамик и микрофон позволяют принимать звонки и управлять настройками с помощью голосового помощника Alexa."
f5082a4b-4a4f-4e6c-b68a-c034827cdfef,Samsung Galaxy Watch FE,"выполнены в черном металлическом корпусе, защищенном по стандарту IP68. Они устойчивы к пыли и воде, что позволяет им выдерживать суровые условия эксплуатации. Модель с подключением при помощи Bluetooth и Wi-Fi поддерживает управление и настройку через приложение Samsung Health. Это позволяет просматривать данные, касающиеся здоровья, отслеживать цели, делиться своими показаниями с врачом. 
Samsung Galaxy Watch FE при помощи датчика BIA поможет узнать данные о мышечной массе, жировых отложениях и других параметрах тела. Модель обеспечивает мониторинг ЭКГ, измеряет сердечный ритм, уведомляя пользователя при обнаружении проблем. Обнаруживая падение, часы автоматически уведомляют об этом экстренные службы. 
"
f44c34a7-7717-44ba-a8e0-5f9131f7e945,Polarline 32PL13TC-SM,"обладает всем необходимым для увлекательного и комфортного повседневного просмотра. В нем установлен 32-дюймовый экран стандарта HD, на котором отображается реалистичная и красочная картинка с любого положения. Цифровой фильтр 3D гарантирует детализированное изображение с любого источника сигнала. Акустическая система выходной мощностью 16 Вт формирует четкое и насыщенное звучание с объемным эффектом.
В модели Polarline 32PL13TC-SM реализована платформа Smart TV под управлением ОС Android с интуитивным пользовательским интерфейсом, благодаря чему обеспечиваются безграничные возможности для развлечений в сети Интернет и запуска необходимого контента. "
f25c099e-7b3c-481e-8ef7-b1a5a19c8bc2,HUAWEI WATCH FIT 4 Pro,"премиальные смарт-часы с корпусом квадратной формы с уровнем водонепроницаемости 5 ATM, цветным сенсорным экраном, поворотной кнопкой и боковой кнопкой управления. Часы оснащены широким набором полезных функций для здоровья, спорта и повседневной жизни, могут использоваться совместно с разнообразными ремешками, идеально подходят как для ежедневного использования, так и для занятий спортом."
f10f9f95-2ded-4d1d-b59f-e063f323c84e,Happy Baby MOMMY LOVE,"идеальное пространство для первых сладких снов малыша, где каждый элемент продуман до мелочей — от защиты при прорезывании зубов до возможности менять угол наклона спального места. Лаконичный дизайн и массив бука создают атмосферу уюта и заботы, а трансформируемая конструкция и крепления для совместного сна адаптируются по мере взросления ребёнка. Комфорт, безопасность и стиль — всё, что нужно для счастливого детства!"
f10de4c9-1fd1-4bd0-ad27-7326a7d325c9,Haylou LS09B-GST,"наручная цифровая техника, уместившая в свой компактный корпус обширнейший функционал. Модель, представленная в классическом черном цвете корпуса и ремешка, будет следить за состоянием вашего здоровья в повседневной жизни и во время тренировок. Благодаря соответствии степени защиты IP68 устройство не боится воздействия воды, что позволит принимать в них душ, не боясь выхода из строя. Прямоугольный дисплей с матрицей TFT и диагональю 280x240 пикселей отображает всю необходимую информацию в хорошем качестве. Картинку будет отлично видно даже при ярком солнечном цвете. "
ef588840-943e-4881-9645-9d8eeac993bc,Happy Baby Milk collection shells,"это нежная забота о маме и малыше, воплощённая в эргономичной форме: мягкий силикон бережно защищает даже чувствительную кожу, а вместительный резервуар надежно предотвращает протекания, сохраняя капли молока для следующего кормления. Благодаря удобной двухкомпонентной конструкции и пеналу для хранения, эти стильные помощники всегда готовы оказаться под рукой в нужный момент."
ed2bf8b0-ea13-474b-b605-94556f232999,Xiaomi Redmi Watch 5,"смарт-часы, которые предлагают широкий спектр функций и возможностей для мониторинга здоровья и фитнеса, а также стильный дизайн и удобное управление. Часы оснащены ярким и четким AMOLED дисплеем, который обеспечивает хорошую видимость даже при ярком солнечном свете. 
С помощью Xiaomi Redmi Watch 5 можно отслеживать основные показатели здоровья и физическую активность: частоту сердечных сокращений, уровень кислорода в крови, качество сна, подсчет шагов, калорий, расстояния и т.д. Благодаря энергоэффективному дисплею и другим оптимизациям, смарт-часы могут работать до двух недель без подзарядки."
eb72f0a4-9c5d-4ac8-9caa-2792833fd9c9,Happy Baby CLEANING TIME,"незаменимый помощник для маленьких хозяев, который превращает уборку в увлекательную игру. Реалистичные звуки, движущиеся шарики и три сменные насадки дарят ощущение настоящего процесса, помогая развивать ответственность и воображение ребёнка. Такой игровой пылесос станет великолепным способом для малышей почувствовать себя взрослыми и заботливыми!"
e570f637-6f85-4655-8d19-4fc56f7cb1dc,Xiaomi Watch S4,представлены в черном алюминиевом корпусе. Они оснащены круглым сенсорным дисплеем диагональю 1.43 дюйма. Матрица AMOLED с яркостью 1500 нит обеспечивает контрастное изображение при любой освещенности. Поддержка eSIM предоставляет возможность ответа на звонки и прослушивания музыки со смартфона.
e46737ba-807e-4240-b0dd-e777bc02a7e0,Junion Catchy,"компактная коляска-трость, практичная для родителей и комфортная для малыша. Модель весит всего 6,5 кг и складывается одним движением. Её удобно хранить, вносить в транспорт, поднимать по лестнице.Коляска подходит для прогулок в любую погоду. На солнце и в дождь можно накинуть капюшон из водоотталкивающей ткани, а если будет прохладно, пригодится утепленный чехол на ножки.Спинка регулируется в трех положениях, чтобы ребенку было удобно отдыхать. Малыш надежно фиксируется в коляске пятиточечными ремнями, а для дополнительной безопасности и комфорта предусмотрены разделитель для ног и съемный бампер.Колёса с наполнением EVA невозможно проколоть и не нужно подкачивать. Для максимальной манёвренности передние колёса поворачиваются на 360 градусов. Также их можно установить в одном положении, чтобы коляска ехала только прямо. Благодаря ножному стопперу коляска надёжно фиксируется на месте во время остановки.В корзине поместятся любимые игрушки, а в задний карман на молнии можно положить ключи и документы."
ffbf35ca-0844-49d2-8aab-394ddb694a18,Weissgauff BDW 6035,"встраиваемая посудомоечная машина шириной 60 см, оснащенная 3 корзинами и обладающая вместимостью до 14 комплектов посуды, а также функциональным набором из 5 программ. Три корзины, позволяющие разместить отдельно от остальной посуды в верхнем лотке сразу все ложки, вилки и ножи, обеспечивая при этом их наилучшее мытьё! До 14 комплектов посуды одновременно вы можете расположить в данной посудомоечной машине, благодаря современным продуманным и эргономичным корзинам, которыми Weissgauff оснастили эту модель!Предварительная мойка идеально подойдет для ополаскивания посуды, которую вы планируете помыть позже в тот же день! Половинная загрузка, благодаря которой вы сможете помыть даже самое небольшое количество посуды, не расходуя воду и электричество больше, чем это необходимо."
fde250e1-4436-408c-abf1-f65c343f7cef,TicWatch Pro 3 Ultra GPS,"с лаконичным черным корпусом и двумя дисплеями обладают надежной защитой от пыли и дождя, царапин и ударов. Устройство легко синхронизируется со смартфоном и поддерживает управление с помощью голосового помощника. Вы можете менять дизайн циферблата, получать уведомления о звонках и SMS, переключать музыку. 
Устройство TicWatch Pro 3 Ultra GPS имеет 20 встроенных тренировок, будильник и секундомер. Набор датчиков помогает часам измерять пульс и кислород, шаги, качество сна и уровень стресса. Емкой АКБ хватит на 72 ч активной работы или 45 дней в режиме ожидания."
fc509a4b-b4f1-4c1a-9162-c1794b2f40ae,Beko BDIN16520Q,"встраиваемая посудомоечная машина расходует всего 9.5 л воды на очистку до 15 комплектов столовых принадлежностей. Она полностью защищена от протечек, поэтому вам не придется переживать, если прибор работает в ваше отсутствие. Для размещения столовых приборов служит специальная корзинка. 
Прибор имеет 6 режимов мытья посуды, чтобы вы могли создать идеальные условия для принадлежностей из любых материалов – от нержавеющей стали до тонкого стекла. Если вы предпочитаете собирать кухонные и столовые принадлежности перед тем, как приступить к их очистке, воспользуйтесь опцией отложенного старта. Регулировать ее можно в пределах 9 часов. По окончании цикла встраиваемая посудомоечная машина Beko BDIN16520Q высушит кухонные и столовые принадлежности конденсационным способом."
fc33bf29-9d93-4974-b574-87cf651d4e34,Inglesina Now,"прогулочная коляска, которая складывается одним касанием и легко стоит без опоры в сложенном виде. Легкость, компактность и продуманный дизайн делают ее идеальным выбором для прогулок по городу и путешествий. Просторное сиденье, удобная регулируемая спинка и большой капор с защитой от солнца обеспечивают максимальный комфорт ребенку во время каждой прогулки."
fbd08afa-2865-4892-b39a-4a3ae4230f3e,Agex Mini LX,"отличный выбор для современных родителей. Коляска Agex Mini LX отличается компактным дизайном и оснащена большими колесами, что обеспечивает комфортную езду даже по неровной поверхности при весе всего в 7,9 кг. Разработанная с учетом современного ритма жизни, эта модель представляет собой идеальное сочетание функциональности и удобства. Глубокий капюшон коляски Agex Mini LX для лучшей защиты от солнца, ветра и дождя. Материал также обладает солнцезащитным фильтром UPF 50+, обеспечивая дополнительную безопасность для вашего малыша."
fbb05ef4-b896-437d-8eb3-0dc4ac35c24a,Aimoto Concept Pro 4G,"позволяют отслеживать местоположение устройства и оснащены рядом другим полезных функций. В данной модели установлен большой сенсорный дисплей IPS диагональю 1.85 дюйма, обеспечивающий интуитивное управление и качественное изображение. Встроенный слот для SIM-карты предусматривает возможность принятия и совершения звонков. Из других особенностей отмечаются отправка голосовых сообщений и видеозвонок на часы, отправка фото, прием и отправка голосовых сообщений, прием и совершение звонков."
f9f5f9be-33d5-4e7b-9496-41077556e7ab,Britax Roemer Trifix 2 i-Size,"обеспечит вашему ребенку стиль, комфорт и максимальную защиту благодаря инновационным технологиям безопасности. Легкая установка с помощью системы ISOFIX и якорного ремня Top Tether гарантирует надежную фиксацию, а технология боковой защиты и специально разработанный V-образный подголовник обеспечивают дополнительную безопасность при столкновениях. Кресло подходит для большинства автомобилей и прошло успешные испытания независимыми экспертами."
f7ea190d-c9ab-410a-b6c5-9e9ba56cc3e1,KENSHI C49A,"работают на базе процессора Realtek RTL8763EWE-VP. Корпус из пластика и алюминия защищен по стандарту IP67, который не допускает негативного воздействия влаги. Сенсорный AMOLED-дисплей диагональю 1.43 дюймов транслирует необходимую пользователю информацию. Устройство определяет артериальное давление, количество пройденных шагов, качество сна, уровень кислорода в крови. 
Смарт-часы KENSHI C49A поддерживают 100 тренировок. Завершив синхронизацию со смартфоном, пользователи могут переключать треки, получать уведомления о звонках и оповещения от приложений. Энергии аккумулятора достаточно для 72 ч использования без подзарядки. Женский календарь помогает отслеживать цикл и отмечать симптомы."
f6eba1a9-cfa1-44f6-92df-8fbdc67b30b0,Canon ЕОS R6 Маrk II,"беззеркальная камера создана для фотографов и видеооператоров. Полнокадровая матрица CMOS с разрешением 24.2 Мп обеспечивает реалистичность передачи деталей и цветовой палитры на снимках. Системы автоматической фокусировки и стабилизации обеспечивают получение резких динамичных кадров без искажений. Процессор Digic X гарантирует высокую производительность и скорость. 
Камера Canon EOS R6 Mark II выполнена в герметичном корпусе из магниевого сплава, поэтому не боится плохих погодных условий. Для удобного управления и просмотра материала установлен поворотный сенсорный экран диагональю 3 дюйма. Два слота для SD-карт UHS-II помогают организовать бесперебойную систему хранения. Технологии Bluetooth и Wi-Fi предоставляют возможность беспроводной синхронизации с совместимыми устройствами."
f6831f3e-f935-4892-ad18-374dc5436943,MAUNFELD MWF07IM,"компактная модель, которая предусматривает возможность автономной работы без необходимости подключения к централизованной водопроводной сети благодаря встроенному резервуару. Отвод использованной воды из посудомоечной машины осуществляется с помощью шланга. Данная модель характеризуется вместимостью 3 комплектов посуды и расходует за один цикл 6 л воды. 
Панель управления с дисплеем позволяет легко управлять настройками MAUNFELD MWF07IM. Таймер отложенного запуска дает возможность указывать определенное время начала мытья. Звуковой сигнал оповещает о завершении установленной программы. Из других особенностей модели отмечаются конденсационная сушка, автоматическое открывание дверцы, технология защиты от протечек воды."
f4abeedb-eefb-42b9-8e7d-f694ee118b07,Aimoto MagicCam,"детский фотоаппарат моментальной печати 3 в 1 (фото, видео 1080P, MP3-плеер) со светящимися ушками и функцией печати фото с телефона."
f4584659-2ffc-4f85-b7a5-d5775900c9ba,Weber Go Anywhere Gas,"модель газового гриля просто создана для комфортных пикников на природе. Компактные размеры, удобная система креплений и небольшой вес позволяют легко перевозить гриль в багажнике автомобиля. Модель оснащена складными ножками, которые в сложенном виде выполняют фиксирующую функцию, удерживая на месте крышку гриля. Несмотря на небольшие размеры, гриль Go-Anywhere позволяет приготовить массу разнообразных блюд и удивить своих домочадцев и гостей. Не тратясь на дополнительные приспособления, Вы можете не только использовать его по прямому назначению для приготовления барбекю, но и превратить его в мангал для ароматных шашлыков или коптильню для рыбы или мяса. "
f3625201-0b47-43d1-b045-228ca41bf66a,Doona i,"инновационная система 2-в-1, которая за несколько секунд превращается из автокресла в коляску, обеспечивая максимальное удобство для родителей в дороге. Модель отличается современным стандартом безопасности и элегантным дизайном, обеспечивая безопасное и практичное решение для путешествий с ребёнком. Doona i дополнительно оснащена системой улучшенной защиты от боковых ударов для ещё большей безопасности малыша."
f15cb54a-308e-4374-900e-c29919235549,MAUNFELD MLP-122D,"встраиваемая посудомоечная машина позволяет одновременно загружать до 12 комплектов столовых принадлежностей, расходуя всего 11 л воды. Это отличное решение для большой и гостеприимной семьи, в которой любят готовить. Прибор имеет 6 алгоритмов работы, поэтому он позволяет создавать идеальные условия для любой посуды, независимо от ее материала или степени загрязненности. 
Внутри камеры есть складывающиеся скобы, за счет которых получится разместить крупную посуду. Таймер отсрочки старта позволит отложить мытье на нужное время.  Еще одно достоинство встраиваемой посудомоечной машины MAUNFELD MLP-122D – возможность использовать капсулы и таблетки 3-в-1. "
f0b6f932-f08c-49fb-a4ad-7ebb72ebe637,Carrello Cross CRL-5523,"прогулочная коляска с автоматическим складыванием и оригинальным дизайном. Утепленное укрытие и капюшон-батискаф защищают малыша от непогоды, а климатическое окошко обеспечивает комфорт в жару. Коляска компактна в сложенном виде, но при этом имеет просторное сиденье для максимального комфорта ребенка."
efa8e817-9d63-4a68-bd4e-22e52d9aa231,Hiper Cinema C10,"портативный домашний проектор представлен в лаконичном белом корпусе с потолочным креплением и пультом ДУ. Технология LCD с LED-лампой на 150 Вт создает прямую или обратную проекцию на расстоянии 1.5-5 м. Модель с динамиком на 3 Вт позволяет проводить интересные презентации со звуковым сопровождением и смотреть фильмы. 
Hiper Cinema C10 оснащен 2 USB-портами для воспроизведения файлов с накопителя. На корпусе есть широкий набор разъемов для подключения к разным устройствам, в том числе Wi-Fi для управления с помощью смартфона вместо стандартного пульта. Компактное устройство поддерживает большинство форматов графических, видео- и аудиофайлов."
